GENRE_ID,NAME
1,Documentaries
2,International TV Shows
3,TV Dramas
4,TV Mysteries
5,Crime TV Shows
6,International TV Shows
7,TV Action & Adventure
8,Docuseries
9,Reality TV
10,International TV Shows
11,Romantic TV Shows
12,TV Comedies
13,TV Dramas
14,TV Horror
15,TV Mysteries
16,Children & Family Movies
17,Dramas
18,Independent Movies
19,International Movies
20,British TV Shows
21,Reality TV
22,Comedies
23,Dramas
24,Crime TV Shows
25,Docuseries
26,International TV Shows
27,Dramas
28,International Movies
29,Children & Family Movies
30,Comedies
31,British TV Shows
32,Crime TV Shows
33,Docuseries
34,TV Comedies
35,TV Dramas
36,Documentaries
37,International Movies
38,Crime TV Shows
39,Spanish-Language TV Shows
40,TV Dramas
41,Thrillers
42,International TV Shows
43,Spanish-Language TV Shows
44,TV Action & Adventure
45,International TV Shows
46,TV Action & Adventure
47,TV Dramas
48,Comedies
49,International Movies
50,Comedies
51,International Movies
52,Romantic Movies
53,Docuseries
54,International TV Shows
55,Reality TV
56,Comedies
57,International Movies
58,Music & Musicals
59,Comedies
60,Horror Movies
61,Sci-Fi & Fantasy
62,TV Comedies
63,British TV Shows
64,International TV Shows
65,TV Comedies
66,International TV Shows
67,TV Dramas
68,TV Thrillers
69,Kids' TV
70,Dramas
71,International Movies
72,Thrillers
73,Action & Adventure
74,Dramas
75,International Movies
76,Kids' TV
77,TV Comedies
78,Action & Adventure
79,Dramas
80,Kids' TV
81,TV Sci-Fi & Fantasy
82,Action & Adventure
83,Classic Movies
84,Dramas
85,Dramas
86,Horror Movies
87,Thrillers
88,Action & Adventure
89,Horror Movies
90,Thrillers
91,Action & Adventure
92,Dramas
93,Thrillers
94,International TV Shows
95,TV Dramas
96,International TV Shows
97,TV Dramas
98,TV Sci-Fi & Fantasy
99,Action & Adventure
100,Anime Features
101,International Movies
102,Reality TV
103,Docuseries
104,International TV Shows
105,Documentaries
106,International Movies
107,Sports Movies
108,International TV Shows
109,Reality TV
110,Romantic TV Shows
111,British TV Shows
112,Docuseries
113,International TV Shows
114,Anime Series
115,International TV Shows
116,Comedies
117,Dramas
118,International Movies
119,Crime TV Shows
120,TV Comedies
121,TV Dramas
122,Action & Adventure
123,Comedies
124,Dramas
125,Anime Series
126,Kids' TV
127,International Movies
128,Thrillers
129,Kids' TV
130,Korean TV Shows
131,Documentaries
132,Sports Movies
133,Sci-Fi & Fantasy
134,Thrillers
135,Dramas
136,International Movies
137,Romantic Movies
138,Documentaries
139,Music & Musicals
140,Kids' TV
141,TV Comedies
142,TV Sci-Fi & Fantasy
143,British TV Shows
144,Kids' TV
145,Docuseries
146,Science & Nature TV
147,Children & Family Movies
148,Dramas
149,Kids' TV
150,TV Dramas
151,Teen TV Shows
152,Crime TV Shows
153,International TV Shows
154,Spanish-Language TV Shows
155,Docuseries
156,International TV Shows
157,Spanish-Language TV Shows
158,Dramas
159,Comedies
160,Romantic Movies
161,Dramas
162,Romantic Movies
163,Comedies
164,Dramas
165,Independent Movies
166,Crime TV Shows
167,TV Action & Adventure
168,TV Comedies
169,Children & Family Movies
170,Music & Musicals
171,Action & Adventure
172,Classic Movies
173,Cult Movies
174,International TV Shows
175,TV Action & Adventure
176,TV Comedies
177,Action & Adventure
178,Sci-Fi & Fantasy
179,Action & Adventure
180,Comedies
181,Classic Movies
182,Comedies
183,Dramas
184,Comedies
185,Cult Movies
186,Comedies
187,Cult Movies
188,Music & Musicals
189,Comedies
190,Music & Musicals
191,TV Shows
192,Action & Adventure
193,International Movies
194,Anime Series
195,International TV Shows
196,Teen TV Shows
197,Action & Adventure
198,Children & Family Movies
199,Cult Movies
200,Comedies
201,Dramas
202,Romantic Movies
203,Comedies
204,Cult Movies
205,Sci-Fi & Fantasy
206,Classic Movies
207,Dramas
208,Action & Adventure
209,Children & Family Movies
210,Comedies
211,Dramas
212,Faith & Spirituality
213,Documentaries
214,LGBTQ Movies
215,Action & Adventure
216,Classic Movies
217,Docuseries
218,International TV Shows
219,TV Comedies
220,Dramas
221,Independent Movies
222,Action & Adventure
223,Comedies
224,International Movies
225,International TV Shows
226,Spanish-Language TV Shows
227,TV Dramas
228,Crime TV Shows
229,International TV Shows
230,TV Dramas
231,Action & Adventure
232,Horror Movies
233,International Movies
234,Comedies
235,International Movies
236,Sci-Fi & Fantasy
237,Action & Adventure
238,International Movies
239,Music & Musicals
240,Dramas
241,International Movies
242,Music & Musicals
243,Horror Movies
244,International Movies
245,Reality TV
246,Teen TV Shows
247,Crime TV Shows
248,TV Dramas
249,TV Mysteries
250,International TV Shows
251,Reality TV
252,International TV Shows
253,TV Comedies
254,TV Dramas
255,Dramas
256,Independent Movies
257,Romantic Movies
258,Horror Movies
259,Documentaries
260,LGBTQ Movies
261,Sports Movies
262,Horror Movies
263,International Movies
264,Thrillers
265,Action & Adventure
266,Anime Features
267,TV Dramas
268,TV Mysteries
269,TV Sci-Fi & Fantasy
270,International TV Shows
271,Spanish-Language TV Shows
272,TV Comedies
273,Children & Family Movies
274,Comedies
275,Music & Musicals
276,Comedies
277,Independent Movies
278,Anime Series
279,International TV Shows
280,Romantic TV Shows
281,Classic Movies
282,Dramas
283,Independent Movies
284,International TV Shows
285,Romantic TV Shows
286,Spanish-Language TV Shows
287,International TV Shows
288,TV Dramas
289,Teen TV Shows
290,Stand-Up Comedy
291,Action & Adventure
292,Anime Features
293,Children & Family Movies
294,International TV Shows
295,Romantic TV Shows
296,TV Dramas
297,International Movies
298,Music & Musicals
299,TV Action & Adventure
300,TV Dramas
301,TV Mysteries
302,Horror Movies
303,Independent Movies
304,International Movies
305,Comedies
306,Cult Movies
307,International Movies
308,Classic Movies
309,Dramas
310,International Movies
311,Movies
312,Crime TV Shows
313,Docuseries
314,Children & Family Movies
315,Comedies
316,Sci-Fi & Fantasy
317,Anime Series
318,International TV Shows
319,TV Thrillers
320,Action & Adventure
321,Horror Movies
322,Sci-Fi & Fantasy
323,Classic Movies
324,Comedies
325,Cult Movies
326,TV Dramas
327,Teen TV Shows
328,Action & Adventure
329,Sci-Fi & Fantasy
330,Thrillers
331,Children & Family Movies
332,Comedies
333,Dramas
334,Dramas
335,Sports Movies
336,Action & Adventure
337,Dramas
338,Sci-Fi & Fantasy
339,Action & Adventure
340,Comedies
341,Cult Movies
342,Dramas
343,Independent Movies
344,Thrillers
345,TV Dramas
346,TV Sci-Fi & Fantasy
347,Action & Adventure
348,International Movies
349,Thrillers
350,British TV Shows
351,International TV Shows
352,Reality TV
353,TV Action & Adventure
354,TV Dramas
355,Teen TV Shows
356,Anime Series
357,Crime TV Shows
358,TV Action & Adventure
359,TV Sci-Fi & Fantasy
360,Crime TV Shows
361,International TV Shows
362,TV Comedies
363,Stand-Up Comedy & Talk Shows
364,TV Comedies
365,Classic & Cult TV
366,TV Action & Adventure
367,TV Dramas
368,Children & Family Movies
369,Sports Movies
370,TV Action & Adventure
371,TV Sci-Fi & Fantasy
372,Anime Series
373,Stand-Up Comedy & Talk Shows
374,TV Dramas
375,Anime Features
376,Children & Family Movies
377,International Movies
378,Classic & Cult TV
379,Crime TV Shows
380,International TV Shows
381,Crime TV Shows
382,International TV Shows
383,Romantic TV Shows
384,Horror Movies
385,LGBTQ Movies
386,Action & Adventure
387,Dramas
388,Romantic Movies
389,Documentaries
390,International Movies
391,Music & Musicals
392,TV Comedies
393,TV Dramas
394,Teen TV Shows
395,Children & Family Movies
396,Comedies
397,Sports Movies
398,Children & Family Movies
399,Dramas
400,International Movies
401,Comedies
402,Documentaries
403,International Movies
404,Romantic TV Shows
405,TV Dramas
406,Anime Series
407,TV Horror
408,TV Thrillers
409,International Movies
410,Romantic Movies
411,TV Action & Adventure
412,TV Dramas
413,TV Sci-Fi & Fantasy
414,Kids' TV
415,Korean TV Shows
416,TV Comedies
417,British TV Shows
418,Crime TV Shows
419,International TV Shows
420,Crime TV Shows
421,TV Horror
422,TV Mysteries
423,Docuseries
424,International TV Shows
425,Science & Nature TV
426,British TV Shows
427,International TV Shows
428,TV Dramas
429,Kids' TV
430,TV Action & Adventure
431,TV Sci-Fi & Fantasy
432,International Movies
433,Romantic Movies
434,Thrillers
435,Action & Adventure
436,Cult Movies
437,International Movies
438,Action & Adventure
439,Comedies
440,Sci-Fi & Fantasy
441,International TV Shows
442,Kids' TV
443,TV Mysteries
444,Action & Adventure
445,Thrillers
446,Dramas
447,Faith & Spirituality
448,International Movies
449,Action & Adventure
450,Classic Movies
451,Comedies
452,Action & Adventure
453,Comedies
454,Sports Movies
455,Action & Adventure
456,Children & Family Movies
457,Classic Movies
458,Action & Adventure
459,Children & Family Movies
460,Dramas
461,Horror Movies
462,Thrillers
463,Action & Adventure
464,Romantic Movies
465,Dramas
466,Romantic Movies
467,Sci-Fi & Fantasy
468,Dramas
469,Music & Musicals
470,Romantic Movies
471,Anime Series
472,Crime TV Shows
473,International TV Shows
474,Reality TV
475,Romantic TV Shows
476,International Movies
477,Music & Musicals
478,Romantic Movies
479,Reality TV
480,TV Action & Adventure
481,TV Mysteries
482,Crime TV Shows
483,TV Dramas
484,International TV Shows
485,Reality TV
486,Spanish-Language TV Shows
487,Crime TV Shows
488,TV Dramas
489,TV Thrillers
490,British TV Shows
491,Docuseries
492,International TV Shows
493,Korean TV Shows
494,TV Comedies
495,Action & Adventure
496,Anime Features
497,Classic Movies
498,TV Action & Adventure
499,TV Dramas
500,TV Horror
501,Crime TV Shows
502,International TV Shows
503,TV Thrillers
504,Anime Series
505,Crime TV Shows
506,TV Horror
507,Anime Features
508,Documentaries
509,Comedies
510,Horror Movies
511,International TV Shows
512,Spanish-Language TV Shows
513,Stand-Up Comedy & Talk Shows
514,Children & Family Movies
515,Documentaries
516,International Movies
517,Romantic TV Shows
518,TV Comedies
519,TV Dramas
520,Dramas
521,Faith & Spirituality
522,Romantic Movies
523,Dramas
524,Independent Movies
525,LGBTQ Movies
526,Comedies
527,Independent Movies
528,LGBTQ Movies
529,Action & Adventure
530,Cult Movies
531,Sci-Fi & Fantasy
532,Cult Movies
533,Horror Movies
534,Action & Adventure
535,Dramas
536,Sports Movies
537,Anime Series
538,Romantic TV Shows
539,Teen TV Shows
540,Dramas
541,International Movies
542,LGBTQ Movies
543,Dramas
544,Romantic Movies
545,Thrillers
546,Children & Family Movies
547,Dramas
548,Faith & Spirituality
549,Dramas
550,International Movies
551,Sports Movies
552,Action & Adventure
553,Horror Movies
554,Documentaries
555,International Movies
556,LGBTQ Movies
557,Dramas
558,Independent Movies
559,Sci-Fi & Fantasy
560,Comedies
561,Independent Movies
562,International Movies
563,Reality TV
564,TV Horror
565,TV Thrillers
566,TV Action & Adventure
567,TV Horror
568,TV Sci-Fi & Fantasy
569,International TV Shows
570,TV Horror
571,TV Sci-Fi & Fantasy
572,Independent Movies
573,International Movies
574,Thrillers
575,Independent Movies
576,Thrillers
577,Documentaries
578,Dramas
579,Action & Adventure
580,Sports Movies
581,Dramas
582,International Movies
583,Sci-Fi & Fantasy
584,Comedies
585,Independent Movies
586,Romantic Movies
587,Horror Movies
588,Romantic Movies
589,Sci-Fi & Fantasy
590,International TV Shows
591,Stand-Up Comedy & Talk Shows
592,Action & Adventure
593,Anime Features
594,Horror Movies
595,Cult Movies
596,Dramas
597,Music & Musicals
598,TV Dramas
599,TV Thrillers
600,Crime TV Shows
601,International TV Shows
602,Korean TV Shows
603,TV Horror
604,TV Mysteries
605,TV Thrillers
606,Comedies
607,Horror Movies
608,International Movies
609,Crime TV Shows
610,Docuseries
611,TV Mysteries
612,Comedies
613,International Movies
614,Sports Movies
615,Classic Movies
616,Music & Musicals
617,Reality TV
618,TV Comedies
619,TV Horror
620,Children & Family Movies
621,Faith & Spirituality
622,Music & Musicals
623,International TV Shows
624,Korean TV Shows
625,Stand-Up Comedy & Talk Shows
626,Dramas
627,Music & Musicals
628,Docuseries
629,Science & Nature TV
630,TV Action & Adventure
631,British TV Shows
632,Kids' TV
633,TV Dramas
634,International TV Shows
635,Korean TV Shows
636,Romantic TV Shows
637,Horror Movies
638,Independent Movies
639,Anime Series
640,Kids' TV
641,TV Action & Adventure
642,Comedies
643,Dramas
644,Music & Musicals
645,TV Horror
646,Teen TV Shows
647,Comedies
648,LGBTQ Movies
649,Thrillers
650,Docuseries
651,Reality TV
652,Science & Nature TV
653,Crime TV Shows
654,Spanish-Language TV Shows
655,TV Action & Adventure
656,Romantic TV Shows
657,Teen TV Shows
658,TV Comedies
659,Teen TV Shows
660,Romantic TV Shows
661,TV Dramas
662,Teen TV Shows
663,Children & Family Movies
664,Sci-Fi & Fantasy
665,Romantic TV Shows
666,TV Action & Adventure
667,TV Dramas
668,Comedies
669,International Movies
670,LGBTQ Movies
671,Dramas
672,Sci-Fi & Fantasy
673,Kids' TV
674,TV Thrillers
675,TV Action & Adventure
676,TV Comedies
677,TV Sci-Fi & Fantasy
678,British TV Shows
679,Romantic TV Shows
680,TV Dramas
681,Anime Series
682,International TV Shows
683,Spanish-Language TV Shows
684,Docuseries
685,TV Comedies
686,Comedies
687,Romantic Movies
688,Sports Movies
689,TV Action & Adventure
690,TV Comedies
691,TV Dramas
692,Children & Family Movies
693,Dramas
694,Sports Movies
695,Action & Adventure
696,Dramas
697,Independent Movies
698,Spanish-Language TV Shows
699,TV Dramas
700,Dramas
701,LGBTQ Movies
702,TV Horror
703,TV Mysteries
704,TV Sci-Fi & Fantasy
705,Action & Adventure
706,Dramas
707,Faith & Spirituality
708,International TV Shows
709,TV Mysteries
710,TV Thrillers
711,British TV Shows
712,Classic & Cult TV
713,International TV Shows
714,Action & Adventure
715,Comedies
716,Independent Movies
717,Music & Musicals
718,British TV Shows
719,Kids' TV
720,TV Comedies
721,Docuseries
722,Spanish-Language TV Shows
723,Dramas
724,Independent Movies
725,Sports Movies
726,TV Dramas
727,TV Mysteries
728,TV Thrillers
729,Comedies
730,LGBTQ Movies
731,Music & Musicals
732,International TV Shows
733,TV Action & Adventure
734,TV Mysteries
735,Kids' TV
736,TV Comedies
737,Teen TV Shows
738,International TV Shows
739,TV Dramas
740,TV Horror
741,Comedies
742,International Movies
743,Thrillers
744,Classic & Cult TV
745,TV Action & Adventure
746,TV Sci-Fi & Fantasy
747,International TV Shows
748,TV Horror
749,TV Mysteries
750,Children & Family Movies
751,Documentaries
752,Music & Musicals
753,Romantic Movies
754,Romantic Movies
755,Children & Family Movies
756,Classic Movies
757,Comedies
758,TV Action & Adventure
759,TV Dramas
760,Dramas
761,LGBTQ Movies
762,Romantic Movies
763,Children & Family Movies
764,Comedies
765,Romantic Movies
766,Comedies
767,Sports Movies
768,International Movies
769,International TV Shows
770,Romantic TV Shows
771,TV Mysteries
772,Stand-Up Comedy & Talk Shows
773,Action & Adventure
774,International Movies
775,Romantic Movies
776,Reality TV
777,TV Comedies
778,Cult Movies
779,Dramas
780,International Movies
781,Kids' TV
782,TV Dramas
783,Crime TV Shows
784,International TV Shows
785,TV Mysteries
786,Action & Adventure
787,Sci-Fi & Fantasy
788,Sports Movies
789,TV Dramas
790,TV Sci-Fi & Fantasy
791,TV Thrillers
792,Romantic TV Shows
793,TV Dramas
794,TV Sci-Fi & Fantasy
795,Docuseries
796,TV Sci-Fi & Fantasy
797,Anime Features
798,International Movies
799,British TV Shows
800,Classic & Cult TV
801,Kids' TV
802,British TV Shows
803,Reality TV
804,Romantic TV Shows
805,Documentaries
806,Faith & Spirituality
807,International Movies
808,Kids' TV
809,Reality TV
810,TV Dramas
811,LGBTQ Movies
812,Thrillers
813,TV Action & Adventure
814,TV Mysteries
815,TV Sci-Fi & Fantasy
816,Reality TV
817,Science & Nature TV
818,Kids' TV
819,TV Action & Adventure
820,TV Comedies
821,International TV Shows
822,Romantic TV Shows
823,TV Action & Adventure
824,Children & Family Movies
825,Dramas
826,Independent Movies
827,Comedies
828,Music & Musicals
829,Romantic Movies
830,International TV Shows
831,Korean TV Shows
832,Reality TV
833,Classic & Cult TV
834,TV Dramas
835,TV Sci-Fi & Fantasy
836,Anime Features
837,Children & Family Movies
838,Action & Adventure
839,International Movies
840,Sci-Fi & Fantasy
841,Crime TV Shows
842,TV Action & Adventure
843,TV Dramas
844,Classic & Cult TV
845,TV Action & Adventure
846,TV Horror
847,International TV Shows
848,Korean TV Shows
849,TV Dramas
850,International TV Shows
851,TV Action & Adventure
852,TV Horror
853,Action & Adventure
854,Comedies
855,Romantic Movies
856,International TV Shows
857,Korean TV Shows
858,TV Action & Adventure
859,Classic & Cult TV
860,Kids' TV
861,TV Action & Adventure
862,Anime Series
863,International TV Shows
864,TV Horror
865,International TV Shows
866,Korean TV Shows
867,TV Horror
868,Children & Family Movies
869,Comedies
870,International Movies
871,International Movies
872,Sci-Fi & Fantasy
873,International Movies
874,Sci-Fi & Fantasy
875,Thrillers
876,Children & Family Movies
877,Dramas
878,Romantic Movies
879,Anime Series
880,Romantic TV Shows
881,Comedies
882,Dramas
883,LGBTQ Movies
884,British TV Shows
885,International TV Shows
886,TV Action & Adventure
887,Docuseries
888,Science & Nature TV
889,TV Comedies
890,International TV Shows
891,Stand-Up Comedy & Talk Shows
892,TV Comedies
893,Children & Family Movies
894,Dramas
895,Music & Musicals
896,Action & Adventure
897,Independent Movies
898,International Movies
899,Action & Adventure
900,Children & Family Movies
901,Sci-Fi & Fantasy
902,Horror Movies
903,Independent Movies
904,Sci-Fi & Fantasy
905,TV Dramas
906,TV Sci-Fi & Fantasy
907,Teen TV Shows
908,Anime Features
909,International Movies
910,Sci-Fi & Fantasy
911,Dramas
912,Independent Movies
913,Music & Musicals
914,Kids' TV
915,TV Comedies
916,TV Dramas
917,Children & Family Movies
918,Documentaries
919,Sports Movies
920,Independent Movies
921,Sci-Fi & Fantasy
922,Thrillers
923,Anime Features
924,Music & Musicals
925,Sci-Fi & Fantasy
926,TV Comedies
927,TV Dramas
928,TV Sci-Fi & Fantasy
929,Crime TV Shows
930,TV Action & Adventure
931,Comedies
932,Faith & Spirituality
933,Romantic Movies
934,Kids' TV
935,TV Action & Adventure
936,Action & Adventure
937,Independent Movies
938,International TV Shows
939,Reality TV
940,TV Comedies
941,Docuseries
942,Reality TV
943,Teen TV Shows
944,Crime TV Shows
945,International TV Shows
946,Reality TV
947,Anime Series
948,Teen TV Shows
949,Crime TV Shows
950,Romantic TV Shows
951,TV Dramas
952,Anime Features
953,Romantic Movies
954,Horror Movies
955,Sci-Fi & Fantasy
956,Thrillers
957,International TV Shows
958,TV Comedies
959,TV Sci-Fi & Fantasy
960,International TV Shows
961,Romantic TV Shows
962,Anime Features
963,Music & Musicals
964,Anime Features
965,International Movies
966,Romantic Movies
967,International TV Shows
968,Romantic TV Shows
969,Teen TV Shows
970,Docuseries
971,Stand-Up Comedy & Talk Shows
972,Horror Movies
973,Independent Movies
974,Thrillers
975,TV Action & Adventure
976,TV Comedies
977,TV Horror
978,Documentaries
979,Stand-Up Comedy
980,Kids' TV
981,Spanish-Language TV Shows
982,British TV Shows
983,Kids' TV
984,TV Thrillers
985,Kids' TV
986,TV Action & Adventure
987,TV Dramas
988,Anime Series
989,Crime TV Shows
990,Dramas
991,Sci-Fi & Fantasy
992,Thrillers
993,TV Comedies
994,TV Dramas
995,TV Horror
996,Children & Family Movies
997,Comedies
998,LGBTQ Movies
999,International TV Shows
1000,TV Action & Adventure
1001,TV Sci-Fi & Fantasy
1002,Docuseries
1003,TV Dramas
1004,Horror Movies
1005,International Movies
1006,Romantic Movies
1007,Crime TV Shows
1008,Docuseries
1009,Science & Nature TV
1010,International Movies
1011,Music & Musicals
1012,Thrillers
1013,Kids' TV
1014,Spanish-Language TV Shows
1015,Teen TV Shows
1016,Comedies
1017,Horror Movies
1018,Independent Movies
1019,Action & Adventure
1020,International Movies
1021,Sports Movies
1022,Action & Adventure
1023,Independent Movies
1024,Sci-Fi & Fantasy
1025,Horror Movies
1026,LGBTQ Movies
1027,Music & Musicals
1028,Comedies
1029,Music & Musicals
1030,Sports Movies
1031,TV Horror
1032,TV Mysteries
1033,Teen TV Shows
1034,Romantic TV Shows
1035,TV Comedies
1036,Kids' TV
1037,Reality TV
1038,Science & Nature TV
1039,International Movies
1040,Romantic Movies
1041,Sci-Fi & Fantasy
1042,TV Comedies
1043,TV Horror
1044,TV Thrillers
1045,TV Action & Adventure
1046,International TV Shows
1047,Spanish-Language TV Shows
1048,TV Horror
1049,Crime TV Shows
1050,TV Action & Adventure
1051,TV Thrillers
1052,Music & Musicals
1053,Stand-Up Comedy
1054,British TV Shows
1055,TV Comedies
1056,TV Comedies
1057,TV Sci-Fi & Fantasy
1058,Teen TV Shows
1059,TV Comedies
1060,TV Sci-Fi & Fantasy
1061,Romantic TV Shows
1062,Spanish-Language TV Shows
1063,TV Comedies
1064,Crime TV Shows
1065,International TV Shows
1066,TV Sci-Fi & Fantasy
1067,British TV Shows
1068,International TV Shows
1069,Romantic TV Shows
1070,Crime TV Shows
1071,Kids' TV
1072,Horror Movies
1073,International Movies
1074,Sci-Fi & Fantasy
1075,TV Comedies
1076,TV Mysteries
1077,Cult Movies
1078,Horror Movies
1079,Independent Movies
1080,British TV Shows
1081,Docuseries
1082,TV Comedies
1083,Comedies
1084,Documentaries
1085,Reality TV
1086,Science & Nature TV
1087,TV Action & Adventure
1088,TV Comedies
1089,TV Dramas
1090,TV Mysteries
1091,Crime TV Shows
1092,TV Comedies
1093,Teen TV Shows
1094,Docuseries
1095,Kids' TV
1096,Science & Nature TV
1097,Reality TV
1098,Spanish-Language TV Shows
1099,Action & Adventure
1100,Anime Features
1101,Sci-Fi & Fantasy
1102,Crime TV Shows
1103,Kids' TV
1104,TV Comedies
1105,Dramas
1106,Faith & Spirituality
1107,Independent Movies
1108,Documentaries
1109,Faith & Spirituality
1110,British TV Shows
1111,International TV Shows
1112,Stand-Up Comedy & Talk Shows
1113,Comedies
1114,Dramas
1115,Faith & Spirituality
1116,Classic & Cult TV
1117,TV Comedies
1118,Dramas
1119,Romantic Movies
1120,Sports Movies
1121,Stand-Up Comedy & Talk Shows
1122,TV Mysteries
1123,TV Sci-Fi & Fantasy
1124,TV Sci-Fi & Fantasy
1125,TV Thrillers
1126,Comedies
1127,Independent Movies
1128,Music & Musicals
1129,Comedies
1130,Cult Movies
1131,Independent Movies
1132,Documentaries
1133,Dramas
1134,International Movies
1135,British TV Shows
1136,TV Horror
1137,TV Thrillers
1138,British TV Shows
1139,Docuseries
1140,Science & Nature TV
1141,Children & Family Movies
1142,Comedies
1143,Cult Movies
1144,Sports Movies
1145,Sci-Fi & Fantasy
1146,Comedies
1147,LGBTQ Movies
1148,Comedies
1149,Independent Movies
1150,Thrillers
1151,Classic Movies
1152,Cult Movies
1153,Dramas
1154,British TV Shows
1155,TV Comedies
1156,TV Dramas
1157,Action & Adventure
1158,Children & Family Movies
1159,Independent Movies
1160,Action & Adventure
1161,Documentaries
1162,International Movies
1163,Children & Family Movies
1164,Independent Movies
1165,Comedies
1166,Cult Movies
1167,Dramas
1168,International TV Shows
1169,TV Horror
1170,TV Thrillers
1171,Classic Movies
1172,Thrillers
1173,Crime TV Shows
1174,TV Dramas
1175,TV Horror
1176,British TV Shows
1177,Docuseries
1178,Reality TV
1179,Documentaries
1180,LGBTQ Movies
1181,Music & Musicals
1182,Classic Movies
1183,Dramas
1184,Romantic Movies
1185,Crime TV Shows
1186,Romantic TV Shows
1187,Spanish-Language TV Shows
1188,Classic Movies
1189,Cult Movies
1190,Horror Movies
1191,Anime Series
1192,Crime TV Shows
1193,TV Thrillers
1194,Children & Family Movies
1195,Classic Movies
1196,Classic Movies
1197,Comedies
1198,International Movies
1199,Comedies
1200,Sci-Fi & Fantasy
1201,Action & Adventure
1202,Cult Movies
1203,Dramas
1204,Documentaries
1205,Faith & Spirituality
1206,Music & Musicals
1207,British TV Shows
1208,Classic & Cult TV
1209,TV Comedies
1210,International Movies
1211,Sports Movies
1212,International TV Shows
1213,Classic & Cult TV
1214,Kids' TV
1215,Spanish-Language TV Shows
1216,Romantic TV Shows
1217,Spanish-Language TV Shows
1218,TV Dramas
1219,Children & Family Movies
1220,Comedies
1221,Faith & Spirituality
1222,British TV Shows
1223,Crime TV Shows
1224,TV Dramas
1225,Classic Movies
1226,Dramas
1227,Music & Musicals
1228,Cult Movies
1229,Horror Movies
1230,Thrillers
1231,Action & Adventure
1232,Classic Movies
1233,Sci-Fi & Fantasy
1234,TV Action & Adventure
1235,TV Comedies
1236,Classic Movies
1237,Comedies
1238,Music & Musicals
1239,Independent Movies
1240,Documentaries
1241,Horror Movies
1242,Classic & Cult TV
1243,TV Horror
1244,TV Mysteries
1245,Comedies
1246,Faith & Spirituality
1247,International Movies
1248,Dramas
1249,Horror Movies
1250,Sci-Fi & Fantasy
1251,British TV Shows
1252,TV Dramas
1253,TV Sci-Fi & Fantasy
1254,Comedies
1255,Cult Movies
1256,Horror Movies
1257,Comedies
1258,Cult Movies
1259,Sports Movies
1260,Classic Movies
1261,Documentaries
1262,Action & Adventure
1263,Faith & Spirituality
1264,Sci-Fi & Fantasy
1265,Action & Adventure
1266,Children & Family Movies
1267,International TV Shows
1268,Reality TV
1269,TV Action & Adventure
1270,Docuseries
1271,Science & Nature TV
1272,TV Dramas
1273,Anime Features
1274,Action & Adventure
1275,Horror Movies
1276,Independent Movies
1277,Action & Adventure
1278,Classic Movies
1279,International Movies
1280,Cult Movies
1281,Independent Movies
1282,Thrillers
1283,Crime TV Shows
1284,TV Comedies
1285,Classic Movies
1286,Cult Movies
1287,Documentaries
1288,Classic & Cult TV
1289,Kids' TV
1290,TV Comedies
1291,Classic Movies
1292,Dramas
1293,LGBTQ Movies
1294,Classic Movies
1295,Dramas
1296,Sports Movies
1297,Action & Adventure
1298,Cult Movies
1299,Action & Adventure
1300,Comedies
1301,Music & Musicals
1302,Classic Movies
1303,Horror Movies
1304,Thrillers
1305,Classic Movies
1306,Comedies
1307,Independent Movies
1308,Children & Family Movies
1309,Classic Movies
1310,Dramas
1311,Dramas
1312,Faith & Spirituality
1313,Sports Movies
1314,Classic Movies
1315,Comedies
1316,Romantic Movies
1317,Dramas
1318,Horror Movies
1319,Music & Musicals
1320,Classic Movies
1321,Independent Movies
1322,Thrillers
1323,Children & Family Movies
1324,Faith & Spirituality
1325,Classic Movies
1326,Comedies
1327,Sports Movies
1328,Comedies
1329,Dramas
1330,Sports Movies
1331,Action & Adventure
1332,Romantic Movies
1333,Sci-Fi & Fantasy
1334,Classic & Cult TV
1335,TV Sci-Fi & Fantasy
1336,Comedies
1337,Cult Movies
1338,LGBTQ Movies
1339,Comedies
1340,Horror Movies
1341,Sci-Fi & Fantasy
1342,Action & Adventure
1343,Comedies
1344,Horror Movies
1345,Classic & Cult TV
1346,Crime TV Shows
1347,TV Dramas
1348,Action & Adventure
1349,Documentaries
1350,Sports Movies
1351,International Movies
1352,LGBTQ Movies
1353,Romantic Movies
1354,Cult Movies
1355,Dramas
1356,Thrillers
